caucus,congress_numbers/0,congress_numbers/1,congress_numbers/2,current,description,district,enddate,extra/address,extra/contact_form,extra/fax,extra/office,extra/rss_url,id,leadership_title,party,person/bioguideid,person/birthday,person/cspanid,person/firstname,person/gender,person/gender_label,person/id,person/lastname,person/link,person/middlename,person/name,person/namemod,person/nickname,person/osid,person/pvsid,person/sortname,person/twitterid,person/youtubeid,phone,role_type,role_type_label,senator_class,senator_class_label,senator_rank,senator_rank_label,startdate,state,title,title_long,website,extra/how
,112,113,114,true,Junior Senator from Missouri,,2017-01-03,260 Russell Senate Office Building Washington DC 20510,http://www.blunt.senate.gov/public/index.cfm/contact-form?p=contact-roy,202-224-8149,260 Russell Senate Office Building,http://www.blunt.senate.gov/public/?a=rss.feed,268,,Republican,B000575,1950-01-10,45465,Roy,male,Male,400034,Blunt,https://www.govtrack.us/congress/members/roy_blunt/400034,,Sen. Roy Blunt [R-MO],,,N00005195,418,"Blunt, Roy (Sen.) [R-MO]",RoyBlunt,SenatorBlunt,202-224-5721,senator,Senator,class3,Class 3,junior,Junior,2011-01-05,MO,Sen.,Senator,http://www.blunt.senate.gov,
,112,113,114,true,Senior Senator from Arkansas,,2017-01-03,141 Hart Senate Office Building Washington DC 20510,http://www.boozman.senate.gov/public/index.cfm/e-mail-me,202-228-1371,141 Hart Senate Office Building,http://www.boozman.senate.gov/public/index.cfm/rss/feed,317,,Republican,B001236,1950-12-10,92069,John,male,Male,400040,Boozman,https://www.govtrack.us/congress/members/john_boozman/400040,,Sen. John Boozman [R-AR],,,N00013873,27958,"Boozman, John (Sen.) [R-AR]",JohnBoozman,BoozmanPressOffice,202-224-4843,senator,Senator,class3,Class 3,senior,Senior,2011-01-05,AR,Sen.,Senator,http://www.boozman.senate.gov,
,112,113,114,true,Senior Senator from North Carolina,,2017-01-03,217 Russell Senate Office Building Washington DC 20510,http://www.burr.senate.gov/public/index.cfm?FuseAction=Contact.ContactForm,202-228-2981,217 Russell Senate Office Building,http://www.burr.senate.gov/public/index.cfm?fuseaction=rss.feed,409,,Republican,B001135,1955-11-30,31054,Richard,male,Male,400054,Burr,https://www.govtrack.us/congress/members/richard_burr/400054,M.,Sen. Richard Burr [R-NC],,,N00002221,21787,"Burr, Richard (Sen.) [R-NC]",SenatorBurr,SenatorRichardBurr,202-224-3154,senator,Senator,class3,Class 3,senior,Senior,2011-01-05,NC,Sen.,Senator,http://www.burr.senate.gov,
,112,113,114,true,Senior Senator from Georgia,,2017-01-03,131 Russell Senate Office Building Washington DC 20510,http://www.isakson.senate.gov/public/index.cfm/email-me,202-228-0724,131 Russell Senate Office Building,http://www.isakson.senate.gov/public/?a=RSS.Feed,1587,,Republican,I000055,1944-12-28,59135,John,male,Male,400194,Isakson,https://www.govtrack.us/congress/members/john_isakson/400194,H.,Sen. John âJohnnyâ Isakson [R-GA],,Johnny,N00002593,1721,"Isakson, John âJohnnyâ (Sen.) [R-GA]",SenatorIsakson,SenatorIsakson,202-224-3643,senator,Senator,class3,Class 3,senior,Senior,2011-01-05,GA,Sen.,Senator,http://www.isakson.senate.gov,
,112,113,114,true,Junior Senator from Illinois,,2017-01-03,524 Hart Senate Office Building Washington DC 20510,http://www.kirk.senate.gov/?p=comment_on_legislation,202-228-4611,524 Hart Senate Office Building,http://kirk.senate.gov/rss/?p=hot_topic,1801,,Republican,K000360,1959-09-15,85221,Mark,male,Male,400222,Kirk,https://www.govtrack.us/congress/members/mark_kirk/400222,Steven,Sen. Mark Kirk [R-IL],,,N00012539,33502,"Kirk, Mark (Sen.) [R-IL]",SenatorKirk,SenatorKirk,202-224-2854,senator,Senator,class3,Class 3,junior,Junior,2011-01-05,IL,Sen.,Senator,http://www.kirk.senate.gov,
,112,113,114,true,Junior Senator from Kansas,,2017-01-03,521 Dirksen Senate Office Building Washington DC 20510,http://www.moran.senate.gov/public/index.cfm/e-mail-jerry,202-228-6966,521 Dirksen Senate Office Building,http://www.moran.senate.gov/public/index.cfm/rss/feed/,2343,,Republican,M000934,1954-05-29,45469,Jerry,male,Male,400284,Moran,https://www.govtrack.us/congress/members/jerry_moran/400284,,Sen. Jerry Moran [R-KS],,,N00005282,542,"Moran, Jerry (Sen.) [R-KS]",JerryMoran,senatorjerrymoran,202-224-6521,senator,Senator,class3,Class 3,junior,Junior,2011-01-05,KS,Sen.,Senator,http://www.moran.senate.gov,
,112,113,114,true,Junior Senator from Ohio,,2017-01-03,448 Russell Senate Office Building Washington DC 20510,https://www.portman.senate.gov/public/index.cfm/contact-form,,448 Russell Senate Office Building,http://www.portman.senate.gov/public/index.cfm/rss/feed,2725,,Republican,P000449,1955-12-19,31819,Robert,male,Male,400325,Portman,https://www.govtrack.us/congress/members/robert_portman/400325,J.,Sen. Robert âRobâ Portman [R-OH],,Rob,N00003682,27008,"Portman, Robert âRobâ (Sen.) [R-OH]",SenRobPortman,SenRobPortman,202-224-3353,senator,Senator,class3,Class 3,junior,Junior,2011-01-05,OH,Sen.,Senator,http://www.portman.senate.gov,
,112,113,114,true,Junior Senator from Pennsylvania,,2017-01-03,248 Russell Senate Office Building Washington DC 20510,http://www.toomey.senate.gov/?p=contact,202-228-0284,248 Russell Senate Office Building,http://toomey.senate.gov/rss/?p=hot_topic,3478,,Republican,T000461,1961-11-17,7958,Patrick,male,Male,400408,Toomey,https://www.govtrack.us/congress/members/patrick_toomey/400408,J.,Sen. Patrick âPatâ Toomey [R-PA],,Pat,N00001489,24096,"Toomey, Patrick âPatâ (Sen.) [R-PA]",SenToomey,sentoomey,202-224-4254,senator,Senator,class3,Class 3,junior,Junior,2011-01-05,PA,Sen.,Senator,http://www.toomey.senate.gov,
,112,113,114,true,Senior Senator from Louisiana,,2017-01-03,516 Hart Senate Office Building Washington DC 20510,http://www.vitter.senate.gov/contact/email-senator-vitter,202-228-5061,516 Hart Senate Office Building,http://www.vitter.senate.gov/rss/feeds/?type=all,3561,,Republican,V000127,1961-05-03,60672,David,male,Male,400418,Vitter,https://www.govtrack.us/congress/members/david_vitter/400418,,Sen. David Vitter [R-LA],,,N00009659,4615,"Vitter, David (Sen.) [R-LA]",,SenatorVitter,202-224-4623,senator,Senator,class3,Class 3,senior,Senior,2011-01-05,LA,Sen.,Senator,http://www.vitter.senate.gov,
,112,113,114,true,Junior Senator from California,,2017-01-03,112 Hart Senate Office Building Washington DC 20510,https://www.boxer.senate.gov/contact/shareyourviews.html,202-224-0454,112 Hart Senate Office Building,,3853,,Democrat,B000711,1940-11-11,2470,Barbara,female,Female,300011,Boxer,https://www.govtrack.us/congress/members/barbara_boxer/300011,,Sen. Barbara Boxer [D-CA],,,N00006692,53274,"Boxer, Barbara (Sen.) [D-CA]",SenatorBoxer,SenatorBoxer,202-224-3553,senator,Senator,class3,Class 3,junior,Junior,2011-01-05,CA,Sen.,Senator,http://www.boxer.senate.gov,
,112,113,114,true,Senior Senator from Idaho,,2017-01-03,239 Dirksen Senate Office Building Washington DC 20510,http://www.crapo.senate.gov/contact/email.cfm,202-228-1375,239 Dirksen Senate Office Building,,3953,,Republican,C000880,1951-05-20,26440,Michael,male,Male,300030,Crapo,https://www.govtrack.us/congress/members/michael_crapo/300030,D.,Sen. Michael Crapo [R-ID],,,N00006267,26830,"Crapo, Michael (Sen.) [R-ID]",MikeCrapo,senatorcrapo,202-224-6142,senator,Senator,class3,Class 3,senior,Senior,2011-01-05,ID,Sen.,Senator,http://www.crapo.senate.gov,
,112,113,114,true,Senior Senator from Iowa,,2017-01-03,135 Hart Senate Office Building Washington DC 20510,http://www.grassley.senate.gov/constituents/questions-and-comments,202-224-6020,135 Hart Senate Office Building,http://grassley.senate.gov/customcf/rss_feed.cfm,4038,,Republican,G000386,1933-09-17,1167,Charles,male,Male,300048,Grassley,https://www.govtrack.us/congress/members/charles_grassley/300048,E.,Sen. Charles âChuckâ Grassley [R-IA],,Chuck,N00001758,53293,"Grassley, Charles âChuckâ (Sen.) [R-IA]",ChuckGrassley,senchuckgrassley,202-224-3744,senator,Senator,class3,Class 3,senior,Senior,2011-01-05,IA,Sen.,Senator,http://www.grassley.senate.gov,
,112,113,114,true,Senior Senator from Vermont,,2017-01-03,437 Russell Senate Office Building Washington DC 20510,https://www.leahy.senate.gov/contact/,202-224-3479,437 Russell Senate Office Building,http://www.leahy.senate.gov/rss/feeds/press/,4151,,Democrat,L000174,1940-03-31,1552,Patrick,male,Male,300065,Leahy,https://www.govtrack.us/congress/members/patrick_leahy/300065,J.,Sen. Patrick Leahy [D-VT],,,N00009918,53353,"Leahy, Patrick (Sen.) [D-VT]",SenatorLeahy,SenatorPatrickLeahy,202-224-4242,senator,Senator,class3,Class 3,senior,Senior,2011-01-05,VT,Sen.,Senator,http://www.leahy.senate.gov,
,112,113,114,true,Senior Senator from Arizona,,2017-01-03,218 Russell Senate Office Building Washington DC 20510,http://www.mccain.senate.gov/public/index.cfm/contact-form,202-228-2862,218 Russell Senate Office Building,,4190,,Republican,M000303,1936-08-29,7476,John,male,Male,300071,McCain,https://www.govtrack.us/congress/members/john_mccain/300071,S.,Sen. John McCain [R-AZ],,,N00006424,53270,"McCain, John (Sen.) [R-AZ]",SenJohnMcCain,SenatorJohnMcCain,202-224-2235,senator,Senator,class3,Class 3,senior,Senior,2011-01-05,AZ,Sen.,Senator,http://www.mccain.senate.gov,
,112,113,114,true,Senior Senator from Maryland,,2017-01-03,503 Hart Senate Office Building Washington DC 20510,http://www.mikulski.senate.gov/contact/shareyouropinion.cfm,202-224-8858,503 Hart Senate Office Building,http://www.mikulski.senate.gov/rssfeed.cfm,4205,,Democrat,M000702,1936-07-20,1396,Barbara,female,Female,300073,Mikulski,https://www.govtrack.us/congress/members/barbara_mikulski/300073,A.,Sen. Barbara Mikulski [D-MD],,,N00001945,53304,"Mikulski, Barbara (Sen.) [D-MD]",SenatorBarb,senatormikulski,202-224-4654,senator,Senator,class3,Class 3,senior,Senior,2011-01-05,MD,Sen.,Senator,http://www.mikulski.senate.gov,
,112,113,114,true,Senior Senator from Alaska,,2017-01-03,709 Hart Senate Office Building Washington DC 20510,http://www.murkowski.senate.gov/public/index.cfm?p=EMailLisa,202-224-5301,709 Hart Senate Office Building,http://www.murkowski.senate.gov/public/?a=rss.feed,4209,,Republican,M001153,1957-05-22,1004138,Lisa,female,Female,300075,Murkowski,https://www.govtrack.us/congress/members/lisa_murkowski/300075,A.,Sen. Lisa Murkowski [R-AK],,,N00026050,15841,"Murkowski, Lisa (Sen.) [R-AK]",LisaMurkowski,senatormurkowski,202-224-6665,senator,Senator,class3,Class 3,senior,Senior,2011-01-05,AK,Sen.,Senator,http://www.murkowski.senate.gov,
,112,113,114,true,Senior Senator from Washington,,2017-01-03,154 Russell Senate Office Building Washington DC 20510,http://www.murray.senate.gov/public/index.cfm/contactme,202-224-0238,154 Russell Senate Office Building,http://www.murray.senate.gov/public/?a=rss.feed,4213,,Democrat,M001111,1950-10-11,25277,Patty,female,Female,300076,Murray,https://www.govtrack.us/congress/members/patty_murray/300076,,Sen. Patty Murray [D-WA],,,N00007876,53358,"Murray, Patty (Sen.) [D-WA]",PattyMurray,SenatorPattyMurray,202-224-2621,senator,Senator,class3,Class 3,senior,Senior,2011-01-05,WA,Sen.,Senator,http://www.murray.senate.gov,
,112,113,114,true,Senior Senator from Nevada,,2017-01-03,522 Hart Senate Office Building Washington DC 20510,http://www.reid.senate.gov/contact,202-224-7327,522 Hart Senate Office Building,,4242,Minority Leader,Democrat,R000146,1939-12-02,1683,Harry,male,Male,300082,Reid,https://www.govtrack.us/congress/members/harry_reid/300082,M.,Sen. Harry Reid [D-NV],,,N00009922,53320,"Reid, Harry (Sen.) [D-NV]",SenatorReid,SenatorReid,202-224-3542,senator,Senator,class3,Class 3,senior,Senior,2011-01-05,NV,Sen.,Senator,http://www.reid.senate.gov,
,112,113,114,true,Senior Senator from New York,,2017-01-03,322 Hart Senate Office Building Washington DC 20510,http://www.schumer.senate.gov/Contact/email-chuck,202-228-3027,322 Hart Senate Office Building,,4282,,Democrat,S000148,1950-11-23,5929,Charles,male,Male,300087,Schumer,https://www.govtrack.us/congress/members/charles_schumer/300087,E.,Sen. Charles âChuckâ Schumer [D-NY],,Chuck,N00001093,26976,"Schumer, Charles âChuckâ (Sen.) [D-NY]",SenSchumer,SenatorSchumer,202-224-6542,senator,Senator,class3,Class 3,senior,Senior,2011-01-05,NY,Sen.,Senator,http://www.schumer.senate.gov,
,112,113,114,true,Senior Senator from Alabama,,2017-01-03,304 Russell Senate Office Building Washington DC 20510,http://www.shelby.senate.gov/public/index.cfm/emailsenatorshelby,202-224-3416,304 Russell Senate Office Building,http://www.shelby.senate.gov/public/index.cfm/rss/feed,4294,,Republican,S000320,1934-05-06,1859,Richard,male,Male,300089,Shelby,https://www.govtrack.us/congress/members/richard_shelby/300089,C.,Sen. Richard Shelby [R-AL],,,N00009920,53266,"Shelby, Richard (Sen.) [R-AL]",SenShelby,SenatorRichardShelby,202-224-5744,senator,Senator,class3,Class 3,senior,Senior,2011-01-05,AL,Sen.,Senator,http://www.shelby.senate.gov,
,112,113,114,true,Senior Senator from Oregon,,2017-01-03,221 Dirksen Senate Office Building Washington DC 20510,http://www.wyden.senate.gov/contact,202-228-2717,221 Dirksen Senate Office Building,http://www.wyden.senate.gov/rss/feeds/?type=all&amp;,4357,,Democrat,W000779,1949-05-03,1962,Ron,male,Male,300100,Wyden,https://www.govtrack.us/congress/members/ron_wyden/300100,,Sen. Ron Wyden [D-OR],,,N00007724,27036,"Wyden, Ron (Sen.) [D-OR]",RonWyden,senronwyden,202-224-5244,senator,Senator,class3,Class 3,senior,Senior,2011-01-05,OR,Sen.,Senator,http://www.wyden.senate.gov,
,112,113,114,true,Senior Senator from South Dakota,,2017-01-03,511 Dirksen Senate Office Building Washington DC 20510,http://www.thune.senate.gov/public/index.cfm/contact,202-228-5429,511 Dirksen Senate Office Building,http://www.thune.senate.gov/public/index.cfm/rss/feed,4630,,Republican,T000250,1961-01-07,45552,John,male,Male,400546,Thune,https://www.govtrack.us/congress/members/john_thune/400546,,Sen. John Thune [R-SD],,,N00004572,398,"Thune, John (Sen.) [R-SD]",SenJohnThune,johnthune,202-224-2321,senator,Senator,class3,Class 3,senior,Senior,2011-01-05,SD,Sen.,Senator,http://www.thune.senate.gov,
,114,115,116,true,Senior Senator from Tennessee,,2021-01-03,455 Dirksen Senate Office Building Washington DC 20510,http://www.alexander.senate.gov/public/index.cfm?p=Email,202-228-3398,455 Dirksen Senate Office Building,http://www.alexander.senate.gov/public/?a=rss.feed,43255,,Republican,A000360,1940-07-03,5,Lamar,male,Male,300002,Alexander,https://www.govtrack.us/congress/members/lamar_alexander/300002,,Sen. Lamar Alexander [R-TN],,,N00009888,15691,"Alexander, Lamar (Sen.) [R-TN]",SenAlexander,lamaralexander,202-224-4944,senator,Senator,class2,Class 2,senior,Senior,2015-01-06,TN,Sen.,Senator,http://www.alexander.senate.gov,
,112,113,114,true,Senior Senator from Indiana,,2017-01-03,493 Russell Senate Office Building Washington DC 20510,http://www.coats.senate.gov/contact/,202-228-1820,493 Russell Senate Office Building,http://www.coats.senate.gov/rss/feeds/?type=all&amp;,11587,,Republican,C000542,1943-05-16,6080,Daniel,male,Male,402675,Coats,https://www.govtrack.us/congress/members/daniel_coats/402675,Ray,Sen. Daniel Coats [R-IN],,,N00003845,53291,"Coats, Daniel (Sen.) [R-IN]",SenDanCoats,SenatorCoats,202-224-5623,senator,Senator,class3,Class 3,senior,Senior,2011-01-05,IN,Sen.,Senator,http://www.coats.senate.gov,
,114,,,true,Representative for Illinois's 18th congressional district,18,2017-01-03,2464 Rayburn HOB; Washington DC 20515-1318,https://lahood.house.gov/contact/email,,2464 Rayburn House Office Building,,43744,,Republican,L000585,1968-07-05,,Darin,male,Male,412674,LaHood,https://www.govtrack.us/congress/members/darin_lahood/412674,,Rep. Darin LaHood [R-IL18],,,,128760,"LaHood, Darin (Rep.) [R-IL18]",,,202-225-6201,representative,Representative,,,,,2015-09-17,IL,Rep.,Representative,https://lahood.house.gov/,
,112,113,114,true,Senior Senator from Colorado,,2017-01-03,261 Russell Senate Office Building Washington DC 20510,http://www.bennet.senate.gov/contact/email,202-228-5036,261 Russell Senate Office Building,http://www.bennet.senate.gov/rss/feeds/?type=news,41915,,Democrat,B001267,1964-11-28,1031622,Michael,male,Male,412330,Bennet,https://www.govtrack.us/congress/members/michael_bennet/412330,F.,Sen. Michael Bennet [D-CO],,,N00030608,110942,"Bennet, Michael (Sen.) [D-CO]",SenBennetCo,SenatorBennet,202-224-5852,senator,Senator,class3,Class 3,senior,Senior,2011-01-05,CO,Sen.,Senator,http://www.bennet.senate.gov,
,112,113,114,true,Senior Senator from Connecticut,,2017-01-03,706 Hart Senate Office Building Washington DC 20510,https://www.blumenthal.senate.gov/contact/,202-224-9673,706 Hart Senate Office Building,http://www.blumenthal.senate.gov/rss/feeds/?type=all,42044,,Democrat,B001277,1946-02-13,21799,Richard,male,Male,412490,Blumenthal,https://www.govtrack.us/congress/members/richard_blumenthal/412490,,Sen. Richard Blumenthal [D-CT],,,N00031685,1568,"Blumenthal, Richard (Sen.) [D-CT]",SenBlumenthal,SenatorBlumenthal,202-224-2823,senator,Senator,class3,Class 3,senior,Senior,2011-01-05,CT,Sen.,Senator,http://www.blumenthal.senate.gov,
,112,113,114,true,Junior Senator from Florida,,2017-01-03,284 Russell Senate Office Building Washington DC 20510,http://www.rubio.senate.gov/public/index.cfm/contact,202-228-0285,284 Russell Senate Office Building,http://www.rubio.senate.gov/public/?a=rss.feed,42045,,Republican,R000595,1971-05-28,87599,Marco,male,Male,412491,Rubio,https://www.govtrack.us/congress/members/marco_rubio/412491,,Sen. Marco Rubio [R-FL],,,N00030612,1601,"Rubio, Marco (Sen.) [R-FL]",SenRubioPress,SenatorMarcoRubio,202-224-3041,senator,Senator,class3,Class 3,junior,Junior,2011-01-05,FL,Sen.,Senator,http://www.rubio.senate.gov,
,112,113,114,true,Junior Senator from Kentucky,,2017-01-03,167 Russell Senate Office Building Washington DC 20510,http://www.paul.senate.gov/?p=contact,202-228-1373,167 Russell Senate Office Building,http://paul.senate.gov/rss/?p=news,42046,,Republican,P000603,1963-01-07,9265241,Rand,male,Male,412492,Paul,https://www.govtrack.us/congress/members/rand_paul/412492,,Sen. Rand Paul [R-KY],,,N00030836,117285,"Paul, Rand (Sen.) [R-KY]",,SenatorRandPaul,202-224-4343,senator,Senator,class3,Class 3,junior,Junior,2011-01-05,KY,Sen.,Senator,http://www.paul.senate.gov,
,112,113,114,true,Junior Senator from New Hampshire,,2017-01-03,144 Russell Senate Office Building Washington DC 20510,http://www.ayotte.senate.gov/?p=contact,202-224-4952,144 Russell Senate Office Building,http://ayotte.senate.gov/rss/?p=news,42047,,Republican,A000368,1968-06-27,95241,Kelly,female,Female,412493,Ayotte,https://www.govtrack.us/congress/members/kelly_ayotte/412493,,Sen. Kelly Ayotte [R-NH],,,N00030980,42352,"Ayotte, Kelly (Sen.) [R-NH]",,SenatorAyotte,202-224-3324,senator,Senator,class3,Class 3,junior,Junior,2011-01-05,NH,Sen.,Senator,http://www.ayotte.senate.gov,
,112,113,114,true,Senior Senator from North Dakota,,2017-01-03,338 Russell Senate Office Building Washington DC 20510,http://www.hoeven.senate.gov/public/index.cfm/email-the-senator,202-224-7999,338 Russell Senate Office Building,http://www.hoeven.senate.gov/public/index.cfm/rss/feed,42048,,Republican,H001061,1957-03-13,85233,John,male,Male,412494,Hoeven,https://www.govtrack.us/congress/members/john_hoeven/412494,,Sen. John Hoeven [R-ND],,,N00031688,41788,"Hoeven, John (Sen.) [R-ND]",SenJohnHoeven,senatorjohnhoevennd,202-224-2551,senator,Senator,class3,Class 3,senior,Senior,2011-01-05,ND,Sen.,Senator,http://www.hoeven.senate.gov,
,112,113,114,true,Junior Senator from Utah,,2017-01-03,361A Russell Senate Office Building Washington DC 20510,http://www.lee.senate.gov/public/index.cfm/contact,,361a Russell Senate Office Building,http://www.lee.senate.gov/public/index.cfm/rss/feed,42049,,Republican,L000577,1971-06-04,9267977,Mike,male,Male,412495,Lee,https://www.govtrack.us/congress/members/mike_lee/412495,,Sen. Mike Lee [R-UT],,,N00031696,66395,"Lee, Mike (Sen.) [R-UT]",SenMikeLee,senatormikelee,202-224-5444,senator,Senator,class3,Class 3,junior,Junior,2011-01-05,UT,Sen.,Senator,http://www.lee.senate.gov,
,112,113,114,true,Senior Senator from Wisconsin,,2017-01-03,328 Hart Senate Office Building Washington DC 20510,http://www.ronjohnson.senate.gov/public/index.cfm/contact,920-230-7262,328 Hart Senate Office Building,http://www.ronjohnson.senate.gov/public/index.cfm/rss/feed,42050,,Republican,J000293,1955-04-08,62835,Ron,male,Male,412496,Johnson,https://www.govtrack.us/congress/members/ron_johnson/412496,,Sen. Ron Johnson [R-WI],,,N00032546,126217,"Johnson, Ron (Sen.) [R-WI]",SenRonJohnson,SenatorRonJohnson,202-224-5323,senator,Senator,class3,Class 3,senior,Senior,2011-01-05,WI,Sen.,Senator,http://www.ronjohnson.senate.gov,
,113,114,115,true,Junior Senator from Mississippi,,2019-01-03,555 Dirksen Senate Office Building Washington DC 20510,http://www.wicker.senate.gov/public/index.cfm/contact,202-228-0378,555 Dirksen Senate Office Building,,43154,,Republican,W000437,1951-07-05,18203,Roger,male,Male,400432,Wicker,https://www.govtrack.us/congress/members/roger_wicker/400432,F.,Sen. Roger Wicker [R-MS],,,N00003280,21926,"Wicker, Roger (Sen.) [R-MS]",SenatorWicker,SenatorWicker,202-224-6253,senator,Senator,class1,Class 1,junior,Junior,2013-01-03,MS,Sen.,Senator,http://www.wicker.senate.gov,
,113,114,115,true,Junior Senator from Virginia,,2019-01-03,231 Russell Senate Office Building Washington DC 20510,http://www.kaine.senate.gov/contact,202-228-6363,231 Russell Senate Office Building,http://www.kaine.senate.gov/rss/feeds/?type=all,43149,,Democrat,K000384,1958-02-26,49219,Timothy,male,Male,412582,Kaine,https://www.govtrack.us/congress/members/timothy_kaine/412582,,Sen. Timothy Kaine [D-VA],,,N00033177,50772,"Kaine, Timothy (Sen.) [D-VA]",SenKaineOffice,SenatorTimKaine,202-224-4024,senator,Senator,class1,Class 1,junior,Junior,2013-01-03,VA,Sen.,Senator,http://www.kaine.senate.gov,
,113,114,115,true,Junior Senator from Texas,,2019-01-03,404 Russell Senate Office Building Washington DC 20510,http://www.cruz.senate.gov/?p=email_senator,202-228-3398,404 Russell Senate Office Building,,43140,,Republican,C001098,1970-12-22,1019953,Ted,male,Male,412573,Cruz,https://www.govtrack.us/congress/members/ted_cruz/412573,,Sen. Ted Cruz [R-TX],,,N00033085,135705,"Cruz, Ted (Sen.) [R-TX]",SenTedCruz,sentedcruz,202-224-5922,senator,Senator,class1,Class 1,junior,Junior,2013-01-03,TX,Sen.,Senator,http://www.cruz.senate.gov,
,113,114,115,true,Senior Senator from Nebraska,,2019-01-03,454 Russell Senate Office Building Washington DC 20510,http://www.fischer.senate.gov/public/?p=email-deb,202-228-1325,454 Russell Senate Office Building,http://www.fischer.senate.gov/public/index.cfm/rss/feed,43123,,Republican,F000463,1951-03-01,1034067,Deb,female,Female,412556,Fischer,https://www.govtrack.us/congress/members/deb_fischer/412556,,Sen. Deb Fischer [R-NE],,,N00033443,41963,"Fischer, Deb (Sen.) [R-NE]",SenatorFischer,senatordebfischer,202-224-6551,senator,Senator,class1,Class 1,senior,Senior,2013-01-03,NE,Sen.,Senator,http://www.fischer.senate.gov,
,113,114,115,true,Junior Senator from North Dakota,,2019-01-03,110 Hart Senate Office Building Washington DC 20510,http://www.heitkamp.senate.gov/public/index.cfm/email-heidi,202-224-7776,110 Hart Senate Office Building,http://www.heitkamp.senate.gov/public/index.cfm/rss/feed,43121,,Democrat,H001069,1955-10-30,95414,Heidi,female,Female,412554,Heitkamp,https://www.govtrack.us/congress/members/heidi_heitkamp/412554,,Sen. Heidi Heitkamp [D-ND],,,N00033782,41716,"Heitkamp, Heidi (Sen.) [D-ND]",SenatorHeitkamp,senatorheidiheitkamp,202-224-2043,senator,Senator,class1,Class 1,junior,Junior,2013-01-03,ND,Sen.,Senator,http://www.heitkamp.senate.gov,
Democrat,113,114,115,true,Junior Senator from Maine,,2019-01-03,133 Hart Senate Office Building Washington DC 20510,http://www.king.senate.gov/contact,202-224-1946,133 Hart Senate Office Building,http://www.king.senate.gov/rss/feeds/?type=all,43112,,Independent,K000383,1944-03-31,37413,Angus,male,Male,412545,King,https://www.govtrack.us/congress/members/angus_king/412545,,Sen. Angus King [I-ME],,,N00034580,22381,"King, Angus (Sen.) [I-ME]",SenAngusKing,SenatorAngusKing,202-224-5344,senator,Senator,class1,Class 1,junior,Junior,2013-01-03,ME,Sen.,Senator,http://www.king.senate.gov,
,113,114,115,true,Senior Senator from Massachusetts,,2019-01-03,317 Hart Senate Office Building Washington DC 20510,http://www.warren.senate.gov/?p=email_senator#thisForm,,317 Hart Senate Office Building,http://www.warren.senate.gov/rss/?p=hot_topic,43109,,Democrat,W000817,1949-06-22,1023023,Elizabeth,female,Female,412542,Warren,https://www.govtrack.us/congress/members/elizabeth_warren/412542,,Sen. Elizabeth Warren [D-MA],,,N00033492,141272,"Warren, Elizabeth (Sen.) [D-MA]",SenWarren,senelizabethwarren,202-224-4543,senator,Senator,class1,Class 1,senior,Senior,2013-01-03,MA,Sen.,Senator,http://www.warren.senate.gov,
,113,114,115,true,Senior Senator from West Virginia,,2019-01-03,306 Hart Senate Office Building Washington DC 20510,http://www.manchin.senate.gov/public/index.cfm/contact-form,202-228-0002,306 Hart Senate Office Building,http://www.manchin.senate.gov/public/index.cfm/rss/feed,42991,,Democrat,M001183,1947-08-24,62864,Joe,male,Male,412391,Manchin,https://www.govtrack.us/congress/members/joe_manchin/412391,,Sen. Joe Manchin [D-WV],III,,N00032838,7547,"Manchin, Joe (Sen.) [D-WV]",Sen_JoeManchin,SenatorJoeManchin,202-224-3954,senator,Senator,class1,Class 1,senior,Senior,2013-01-03,WV,Sen.,Senator,http://www.manchin.senate.gov,
,113,114,,true,Resident Commissioner for Puerto Rico At Large,0,2017-01-03,2410 Rayburn HOB; Washington DC 20515-5401,https://pierluisi.house.gov/contact/email-me,202-225-2154,2410 Rayburn House Office Building,http://pierluisi.house.gov/rss.xml,42972,,Democrat,P000596,1959-04-26,1031305,Pedro,male,Male,412306,Pierluisi,https://www.govtrack.us/congress/members/pedro_pierluisi/412306,R.,Commish. Pedro Pierluisi [D-PR0],,,N00029168,110894,"Pierluisi, Pedro (Commish.) [D-PR0]",PedroPierluisi,PierluisiCongress,202-225-2615,representative,Representative,,,,,2013-01-03,PR,Commish.,Resident Commissioner,http://pierluisi.house.gov,
,113,114,115,true,Junior Senator from New Mexico,,2019-01-03,303 Hart Senate Office Building Washington DC 20510,http://www.heinrich.senate.gov/contact/write-martin,202-225-4975,303 Hart Senate Office Building,,42958,,Democrat,H001046,1971-10-17,1030686,Martin,male,Male,412281,Heinrich,https://www.govtrack.us/congress/members/martin_heinrich/412281,,Sen. Martin Heinrich [D-NM],,,N00029835,74517,"Heinrich, Martin (Sen.) [D-NM]",MartinHeinrich,SenMartinHeinrich,202-224-5521,senator,Senator,class1,Class 1,junior,Junior,2013-01-03,NM,Sen.,Senator,http://www.heinrich.senate.gov,
,113,114,115,true,Junior Senator from Wyoming,,2019-01-03,307 Dirksen Senate Office Building Washington DC 20510,http://www.barrasso.senate.gov/public/index.cfm?FuseAction=ContactUs.ContactForm,202-224-1724,307 Dirksen Senate Office Building,http://www.barrasso.senate.gov/public/index.cfm?FuseAction=Rss.Feed,42940,,Republican,B001261,1952-07-21,1024777,John,male,Male,412251,Barrasso,https://www.govtrack.us/congress/members/john_barrasso/412251,A.,Sen. John Barrasso [R-WY],,,N00006236,52662,"Barrasso, John (Sen.) [R-WY]",SenJohnBarrasso,barrassowyo,202-224-6441,senator,Senator,class1,Class 1,junior,Junior,2013-01-03,WY,Sen.,Senator,http://www.barrasso.senate.gov,
,113,114,115,true,Junior Senator from Tennessee,,2019-01-03,425 Dirksen Senate Office Building Washington DC 20510,http://www.corker.senate.gov/public/index.cfm/emailme,202-228-0566,425 Dirksen Senate Office Building,http://www.corker.senate.gov/public/index.cfm/rss/feed,42938,,Republican,C001071,1952-08-24,1021114,Bob,male,Male,412248,Corker,https://www.govtrack.us/congress/members/bob_corker/412248,,Sen. Bob Corker [R-TN],,,N00027441,65905,"Corker, Bob (Sen.) [R-TN]",SenBobCorker,senatorcorker,202-224-3344,senator,Senator,class1,Class 1,junior,Junior,2013-01-03,TN,Sen.,Senator,http://www.corker.senate.gov,
,113,114,115,true,Junior Senator from Rhode Island,,2019-01-03,530 Hart Senate Office Building Washington DC 20510,http://www.whitehouse.senate.gov/contact,202-228-6362,530 Hart Senate Office Building,http://www.whitehouse.senate.gov/rss/feeds/?type=all&amp;cachebuster=1,42937,,Democrat,W000802,1955-10-20,92235,Sheldon,male,Male,412247,Whitehouse,https://www.govtrack.us/congress/members/sheldon_whitehouse/412247,,Sen. Sheldon Whitehouse [D-RI],,,N00027533,2572,"Whitehouse, Sheldon (Sen.) [D-RI]",SenWhitehouse,SenatorWhitehouse,202-224-2921,senator,Senator,class1,Class 1,junior,Junior,2013-01-03,RI,Sen.,Senator,http://www.whitehouse.senate.gov,
,113,114,115,true,Senior Senator from Pennsylvania,,2019-01-03,393 Russell Senate Office Building Washington DC 20510,http://www.casey.senate.gov/contact/,202-228-0604,393 Russell Senate Office Building,http://www.casey.senate.gov/rss/feeds/?all,42936,,Democrat,C001070,1960-04-13,47036,Robert,male,Male,412246,Casey,https://www.govtrack.us/congress/members/robert_casey/412246,P.,Sen. Robert âBobâ Casey [D-PA],Jr.,Bob,N00027503,2541,"Casey, Robert âBobâ (Sen.) [D-PA]",SenBobCasey,SenatorBobCasey,202-224-6324,senator,Senator,class1,Class 1,senior,Senior,2013-01-03,PA,Sen.,Senator,http://www.casey.senate.gov,
,113,114,115,true,Senior Senator from Montana,,2019-01-03,311 Hart Senate Office Building Washington DC 20510,http://www.tester.senate.gov/?p=email_senator,202-224-8594,311 Hart Senate Office Building,http://www.tester.senate.gov/rss/?p=hot_topic,42935,,Democrat,T000464,1956-08-21,1020176,Jon,male,Male,412244,Tester,https://www.govtrack.us/congress/members/jon_tester/412244,,Sen. Jon Tester [D-MT],,,N00027605,20928,"Tester, Jon (Sen.) [D-MT]",SenatorTester,senatorjontester,202-224-2644,senator,Senator,class1,Class 1,senior,Senior,2013-01-03,MT,Sen.,Senator,http://www.tester.senate.gov,
,113,114,115,true,Senior Senator from Missouri,,2019-01-03,730 Hart Senate Office Building Washington DC 20510,http://www.mccaskill.senate.gov/?p=contact,202-228-6326,730 Hart Senate Office Building,http://mccaskill.senate.gov/rss/?p=news,42934,,Democrat,M001170,1953-07-24,1012014,Claire,female,Female,412243,McCaskill,https://www.govtrack.us/congress/members/claire_mccaskill/412243,,Sen. Claire McCaskill [D-MO],,,N00027694,2109,"McCaskill, Claire (Sen.) [D-MO]",McCaskillOffice,SenatorMcCaskill,202-224-6154,senator,Senator,class1,Class 1,senior,Senior,2013-01-03,MO,Sen.,Senator,http://www.mccaskill.senate.gov,
,113,114,115,true,Senior Senator from Minnesota,,2019-01-03,302 Hart Senate Office Building Washington DC 20510,http://www.klobuchar.senate.gov/public/email-amy,202-228-2186,302 Hart Senate Office Building,,42933,,Democrat,K000367,1960-05-25,83701,Amy,female,Female,412242,Klobuchar,https://www.govtrack.us/congress/members/amy_klobuchar/412242,Jean,Sen. Amy Klobuchar [D-MN],,,N00027500,65092,"Klobuchar, Amy (Sen.) [D-MN]",,senatorklobuchar,202-224-3244,senator,Senator,class1,Class 1,senior,Senior,2013-01-03,MN,Sen.,Senator,http://www.klobuchar.senate.gov,
,113,114,115,true,Junior Senator from New York,,2019-01-03,478 Russell Senate Office Building Washington DC 20510,http://www.gillibrand.senate.gov/contact/,202-225-1168,478 Russell Senate Office Building,http://www.gillibrand.senate.gov/rss/,42929,,Democrat,G000555,1966-12-09,1022862,Kirsten,female,Female,412223,Gillibrand,https://www.govtrack.us/congress/members/kirsten_gillibrand/412223,E.,Sen. Kirsten Gillibrand [D-NY],,,N00027658,65147,"Gillibrand, Kirsten (Sen.) [D-NY]",SenGillibrand,KirstenEGillibrand,202-224-4451,senator,Senator,class1,Class 1,junior,Junior,2013-01-03,NY,Sen.,Senator,http://www.gillibrand.senate.gov,
,113,114,115,true,Junior Senator from Nevada,,2019-01-03,324 Hart Senate Office Building Washington DC 20510,http://www.heller.senate.gov/public/index.cfm/contact-form,202-228-6753,324 Hart Senate Office Building,http://www.heller.senate.gov/public/index.cfm/rss/feed,42926,,Republican,H001041,1960-05-10,1012368,Dean,male,Male,412218,Heller,https://www.govtrack.us/congress/members/dean_heller/412218,,Sen. Dean Heller [R-NV],,,N00027522,2291,"Heller, Dean (Sen.) [R-NV]",SenDeanHeller,SenDeanHeller,202-224-6244,senator,Senator,class1,Class 1,junior,Junior,2013-01-03,NV,Sen.,Senator,http://www.heller.senate.gov,
,113,114,115,true,Junior Senator from Indiana,,2019-01-03,720 Hart Senate Office Building Washington DC 20510,http://www.donnelly.senate.gov/contact/email-joe,202-225-6798,720 Hart Senate Office Building,http://www.donnelly.senate.gov/rss/feeds/?type=all,42916,,Democrat,D000607,1955-09-28,1012000,Joe,male,Male,412205,Donnelly,https://www.govtrack.us/congress/members/joe_donnelly/412205,,Sen. Joe Donnelly [D-IN],,,N00026586,34212,"Donnelly, Joe (Sen.) [D-IN]",SenDonnelly,sendonnelly,202-224-4814,senator,Senator,class1,Class 1,junior,Junior,2013-01-03,IN,Sen.,Senator,http://www.donnelly.senate.gov,
,113,114,115,true,Junior Senator from Hawaii,,2019-01-03,330 Hart Senate Office Building Washington DC 20510,http://www.hirono.senate.gov/contact/email,202-225-4987,330 Hart Senate Office Building,http://www.hirono.senate.gov/rss/feeds/?type=all,42914,,Democrat,H001042,1947-11-03,91216,Mazie,female,Female,412200,Hirono,https://www.govtrack.us/congress/members/mazie_hirono/412200,K.,Sen. Mazie Hirono [D-HI],,,N00028139,1677,"Hirono, Mazie (Sen.) [D-HI]",MazieHirono,CongresswomanHirono,202-224-6361,senator,Senator,class1,Class 1,junior,Junior,2013-01-03,HI,Sen.,Senator,http://www.hirono.senate.gov,
,113,114,115,true,Junior Senator from Connecticut,,2019-01-03,136 Hart Senate Office Building Washington DC 20510,http://www.murphy.senate.gov/contact,202-225-5933,136 Hart Senate Office Building,http://www.theday.com/article/20121216/nws12/312169935/1069/rss,42910,,Democrat,M001169,1973-08-03,1021270,Christopher,male,Male,412194,Murphy,https://www.govtrack.us/congress/members/christopher_murphy/412194,S.,Sen. Christopher Murphy [D-CT],,,N00027566,17189,"Murphy, Christopher (Sen.) [D-CT]",ChrisMurphyCT,senchrismurphy,202-224-4041,senator,Senator,class1,Class 1,junior,Junior,2013-01-03,CT,Sen.,Senator,http://www.murphy.senate.gov,
,113,114,115,true,Senior Senator from Michigan,,2019-01-03,731 Hart Senate Office Building Washington DC 20510,http://www.stabenow.senate.gov/?p=contact,202-228-0325,731 Hart Senate Office Building,http://stabenow.senate.gov/rss/?p=news,42871,,Democrat,S000770,1950-04-29,45451,Debbie,female,Female,300093,Stabenow,https://www.govtrack.us/congress/members/debbie_stabenow/300093,Ann,Sen. Debbie Stabenow [D-MI],,,N00004118,515,"Stabenow, Debbie (Sen.) [D-MI]",SenStabenow,senatorstabenow,202-224-4822,senator,Senator,class1,Class 1,senior,Senior,2013-01-03,MI,Sen.,Senator,http://www.stabenow.senate.gov,
,113,114,115,true,Senior Senator from Florida,,2019-01-03,716 Hart Senate Office Building Washington DC 20510,http://www.billnelson.senate.gov/contact-bill,202-228-2183,716 Hart Senate Office Building,,42870,,Democrat,N000032,1942-09-29,1931,Bill,male,Male,300078,Nelson,https://www.govtrack.us/congress/members/bill_nelson/300078,,Sen. Bill Nelson [D-FL],,,N00009926,1606,"Nelson, Bill (Sen.) [D-FL]",SenBillNelson,senbillnelson,202-224-5274,senator,Senator,class1,Class 1,senior,Senior,2013-01-03,FL,Sen.,Senator,http://www.billnelson.senate.gov,
,113,114,115,true,Senior Senator from Utah,,2019-01-03,104 Hart Senate Office Building Washington DC 20510,http://www.hatch.senate.gov/public/index.cfm/contact?p=Email-Orrin,202-224-6331,104 Hart Senate Office Building,http://www.hatch.senate.gov/public/index.cfm/rss/feed,42869,,Republican,H000338,1934-03-22,189,Orrin,male,Male,300052,Hatch,https://www.govtrack.us/congress/members/orrin_hatch/300052,G.,Sen. Orrin Hatch [R-UT],,,N00009869,53352,"Hatch, Orrin (Sen.) [R-UT]",SenOrrinHatch,SenatorOrrinHatch,202-224-5251,senator,Senator,class1,Class 1,senior,Senior,2013-01-03,UT,Sen.,Senator,http://www.hatch.senate.gov,
,113,114,115,true,Senior Senator from California,,2019-01-03,331 Hart Senate Office Building Washington DC 20510,https://www.feinstein.senate.gov/public/index.cfm/e-mail-me,202-228-3954,331 Hart Senate Office Building,http://www.feinstein.senate.gov/public/?a=rss.feed,42868,,Democrat,F000062,1933-06-22,13061,Dianne,female,Female,300043,Feinstein,https://www.govtrack.us/congress/members/dianne_feinstein/300043,,Sen. Dianne Feinstein [D-CA],,,N00007364,53273,"Feinstein, Dianne (Sen.) [D-CA]",SenFeinstein,SenatorFeinstein,202-224-3841,senator,Senator,class1,Class 1,senior,Senior,2013-01-03,CA,Sen.,Senator,http://www.feinstein.senate.gov,
,113,114,115,true,Senior Senator from Delaware,,2019-01-03,513 Hart Senate Office Building Washington DC 20510,http://www.carper.senate.gov/public/index.cfm/email-senator-carper,202-228-2190,513 Hart Senate Office Building,http://www.carper.senate.gov/public/index.cfm/rss/feed,42867,,Democrat,C000174,1947-01-23,663,Thomas,male,Male,300019,Carper,https://www.govtrack.us/congress/members/thomas_carper/300019,Richard,Sen. Thomas Carper [D-DE],,,N00012508,22421,"Carper, Thomas (Sen.) [D-DE]",SenatorCarper,senatorcarper,202-224-2441,senator,Senator,class1,Class 1,senior,Senior,2013-01-03,DE,Sen.,Senator,http://www.carper.senate.gov,
,113,114,115,true,Junior Senator from Washington,,2019-01-03,511 Hart Senate Office Building Washington DC 20510,http://www.cantwell.senate.gov/public/index.cfm/email-maria,202-228-0514,511 Hart Senate Office Building,http://www.cantwell.senate.gov/public/index.cfm/rss/feed,42866,,Democrat,C000127,1958-10-13,26137,Maria,female,Female,300018,Cantwell,https://www.govtrack.us/congress/members/maria_cantwell/300018,,Sen. Maria Cantwell [D-WA],,,N00007836,27122,"Cantwell, Maria (Sen.) [D-WA]",SenatorCantwell,SenatorCantwell,202-224-3441,senator,Senator,class1,Class 1,junior,Junior,2013-01-03,WA,Sen.,Senator,http://www.cantwell.senate.gov,
Democrat,113,114,115,true,Junior Senator from Vermont,,2019-01-03,332 Dirksen Senate Office Building Washington DC 20510,http://www.sanders.senate.gov/contact/comment,202-228-0776,332 Dirksen Senate Office Building,http://www.sanders.senate.gov/rss/,42830,,Independent,S000033,1941-09-08,994,Bernard,male,Male,400357,Sanders,https://www.govtrack.us/congress/members/bernard_sanders/400357,,Sen. Bernard âBernieâ Sanders [I-VT],,Bernie,N00000528,27110,"Sanders, Bernard âBernieâ (Sen.) [I-VT]",SenSanders,senatorsanders,202-224-5141,senator,Senator,class1,Class 1,junior,Junior,2013-01-03,VT,Sen.,Senator,http://www.sanders.senate.gov,
,113,114,115,true,Senior Senator from New Jersey,,2019-01-03,528 Hart Senate Office Building Washington DC 20510,http://www.menendez.senate.gov/contact,202-228-2197,528 Hart Senate Office Building,http://www.menendez.senate.gov/rss/feeds/index.cfm?type=news,42792,,Democrat,M000639,1954-01-01,29608,Robert,male,Male,400272,MenÃ©ndez,https://www.govtrack.us/congress/members/robert_menendez/400272,,Sen. Robert âBobâ MenÃ©ndez [D-NJ],,Bob,N00000699,26961,"MenÃ©ndez, Robert âBobâ (Sen.) [D-NJ]",SenatorMenendez,SenatorMenendezNJ,202-224-4744,senator,Senator,class1,Class 1,senior,Senior,2013-01-03,NJ,Sen.,Senator,http://www.menendez.senate.gov,
,113,114,115,true,Junior Senator from Arizona,,2019-01-03,413 Russell Senate Office Building Washington DC 20510,http://www.flake.senate.gov/contact.cfm,202-226-4386,413 Russell Senate Office Building,http://www.flake.senate.gov/public/index.cfm/rss/feed,42737,,Republican,F000444,1962-12-31,87582,Jeff,male,Male,400134,Flake,https://www.govtrack.us/congress/members/jeff_flake/400134,,Sen. Jeff Flake [R-AZ],,,N00009573,28128,"Flake, Jeff (Sen.) [R-AZ]",JeffFlake,flakeoffice,202-224-4521,senator,Senator,class1,Class 1,junior,Junior,2013-01-03,AZ,Sen.,Senator,http://www.flake.senate.gov,
,113,114,115,true,Junior Senator from Maryland,,2019-01-03,509 Hart Senate Office Building Washington DC 20510,http://www.cardin.senate.gov/contact/,202-224-1651,509 Hart Senate Office Building,http://www.cardin.senate.gov/rss/feeds/?type=all,42708,,Democrat,C000141,1943-10-05,4004,Benjamin,male,Male,400064,Cardin,https://www.govtrack.us/congress/members/benjamin_cardin/400064,L.,Sen. Benjamin Cardin [D-MD],,,N00001955,26888,"Cardin, Benjamin (Sen.) [D-MD]",SenatorCardin,senatorcardin,202-224-4524,senator,Senator,class1,Class 1,junior,Junior,2013-01-03,MD,Sen.,Senator,http://www.cardin.senate.gov,
,113,114,115,true,Senior Senator from Ohio,,2019-01-03,713 Hart Senate Office Building Washington DC 20510,http://www.brown.senate.gov/contact,202-228-6321,713 Hart Senate Office Building,http://www.brown.senate.gov/rss/feeds/?type=all&amp;,42700,,Democrat,B000944,1952-11-09,5051,Sherrod,male,Male,400050,Brown,https://www.govtrack.us/congress/members/sherrod_brown/400050,,Sen. Sherrod Brown [D-OH],,,N00003535,27018,"Brown, Sherrod (Sen.) [D-OH]",SenSherrodBrown,SherrodBrownOhio,202-224-2315,senator,Senator,class1,Class 1,senior,Senior,2013-01-03,OH,Sen.,Senator,http://www.brown.senate.gov,
,113,114,115,true,Junior Senator from Wisconsin,,2019-01-03,717 Hart Washington DC 20510,http://www.baldwin.senate.gov/contact,202-225-6942,717 Hart,http://www.baldwin.senate.gov/rss/feeds/?type=all,42686,,Democrat,B001230,1962-02-11,57884,Tammy,female,Female,400013,Baldwin,https://www.govtrack.us/congress/members/tammy_baldwin/400013,,Sen. Tammy Baldwin [D-WI],,,N00004367,3470,"Baldwin, Tammy (Sen.) [D-WI]",SenatorBaldwin,witammybaldwin,202-224-5653,senator,Senator,class1,Class 1,junior,Junior,2013-01-03,WI,Sen.,Senator,http://www.baldwin.senate.gov,
,113,114,115,true,President of the United States,,2017-01-20,,,,,,43155,,Democrat,O000167,1961-08-04,,Barack,male,Male,400629,Obama,https://www.govtrack.us/congress/members/barack_obama/400629,,President Barack Obama [D],,,N00009638,9490,"Obama, Barack (President) [D]",,,,president,President,,,,,2013-01-20,,President,President of the United States,,election
,113,114,115,true,Vice President of the United States (and President of the Senate),,2017-01-20,,,,,,43179,,Democrat,B000444,1942-11-20,34,Joseph,male,Male,300008,Biden,https://www.govtrack.us/congress/members/joseph_biden/300008,R.,Vice President Joseph Biden [D],Jr.,,N00001669,53279,"Biden, Joseph (Vice President) [D]",,,,vicepresident,Vice President,,,,,2013-01-20,,Vice President,Vice President of the United States (and President of the Senate),,election
,114,115,116,true,Senior Senator from Mississippi,,2021-01-03,113 Dirksen Senate Office Building Washington DC 20510,http://www.cochran.senate.gov/public/index.cfm/email-me,202-224-9450,113 Dirksen Senate Office Building,http://www.cochran.senate.gov/public/index.cfm/rss/feed,43256,,Republican,C000567,1937-12-07,1200,Thad,male,Male,300023,Cochran,https://www.govtrack.us/congress/members/thad_cochran/300023,,Sen. Thad Cochran [R-MS],,,N00003328,53312,"Cochran, Thad (Sen.) [R-MS]",SenThadCochran,sencochran,202-224-5054,senator,Senator,class2,Class 2,senior,Senior,2015-01-06,MS,Sen.,Senator,http://www.cochran.senate.gov,
,114,115,116,true,Senior Senator from Maine,,2021-01-03,413 Dirksen Senate Office Building Washington DC 20510,http://www.collins.senate.gov/public/index.cfm/email,202-224-2693,413 Dirksen Senate Office Building,http://www.collins.senate.gov/public/?a=rss.feed,43257,,Republican,C001035,1952-12-07,45738,Susan,female,Female,300025,Collins,https://www.govtrack.us/congress/members/susan_collins/300025,M.,Sen. Susan Collins [R-ME],,,N00000491,379,"Collins, Susan (Sen.) [R-ME]",SenatorCollins,SenatorSusanCollins,202-224-2523,senator,Senator,class2,Class 2,senior,Senior,2015-01-06,ME,Sen.,Senator,http://www.collins.senate.gov,
,114,115,116,true,Senior Senator from Texas,,2021-01-03,517 Hart Senate Office Building Washington DC 20510,http://www.cornyn.senate.gov/public/index.cfm?p=ContactForm,202-228-2856,517 Hart Senate Office Building,http://www.cornyn.senate.gov/public/?a=rss.feed,43258,Majority Whip,Republican,C001056,1952-02-02,93131,John,male,Male,300027,Cornyn,https://www.govtrack.us/congress/members/john_cornyn/300027,,Sen. John Cornyn [R-TX],,,N00024852,15375,"Cornyn, John (Sen.) [R-TX]",JohnCornyn,senjohncornyn,202-224-2934,senator,Senator,class2,Class 2,senior,Senior,2015-01-06,TX,Sen.,Senator,http://www.cornyn.senate.gov,
,114,115,116,true,Senior Senator from Illinois,,2021-01-03,711 Hart Senate Office Building Washington DC 20510,http://www.durbin.senate.gov/public/index.cfm/contact,202-228-0400,711 Hart Senate Office Building,http://durbin.senate.gov/public/index.cfm/rss/feed,43259,Minority Whip,Democrat,D000563,1944-11-21,6741,Richard,male,Male,300038,Durbin,https://www.govtrack.us/congress/members/richard_durbin/300038,J.,Sen. Richard Durbin [D-IL],,,N00004981,26847,"Durbin, Richard (Sen.) [D-IL]",SenatorDurbin,SenatorDurbin,202-224-2152,senator,Senator,class2,Class 2,senior,Senior,2015-01-06,IL,Sen.,Senator,http://www.durbin.senate.gov,
,114,115,116,true,Senior Senator from Wyoming,,2021-01-03,379A Russell Senate Office Building Washington DC 20510,http://www.enzi.senate.gov/public/index.cfm/contact?p=e-mail-senator-enzi,202-228-0359,379a Russell Senate Office Building,http://www.enzi.senate.gov/public/index.cfm/rss/feed,43260,,Republican,E000285,1944-02-01,45824,Michael,male,Male,300041,Enzi,https://www.govtrack.us/congress/members/michael_enzi/300041,B.,Sen. Michael Enzi [R-WY],,,N00006249,558,"Enzi, Michael (Sen.) [R-WY]",SenatorEnzi,senatorenzi,202-224-3424,senator,Senator,class2,Class 2,senior,Senior,2015-01-06,WY,Sen.,Senator,http://www.enzi.senate.gov,
,114,115,116,true,Senior Senator from South Carolina,,2021-01-03,290 Russell Senate Office Building Washington DC 20510,http://www.lgraham.senate.gov/public/index.cfm?FuseAction=Contact.EmailSenatorGraham,202-224-3808,290 Russell Senate Office Building,http://www.lgraham.senate.gov/public/index.cfm?FuseAction=Rss.Feed,43261,,Republican,G000359,1955-07-09,36782,Lindsey,male,Male,300047,Graham,https://www.govtrack.us/congress/members/lindsey_graham/300047,O.,Sen. Lindsey Graham [R-SC],,,N00009975,21992,"Graham, Lindsey (Sen.) [R-SC]",GrahamBlog,USSenLindseyGraham,202-224-5972,senator,Senator,class2,Class 2,senior,Senior,2015-01-06,SC,Sen.,Senator,http://www.lgraham.senate.gov,
,114,115,116,true,Senior Senator from Oklahoma,,2021-01-03,205 Russell Senate Office Building Washington DC 20510,http://www.inhofe.senate.gov/contact,202-228-0380,205 Russell Senate Office Building,http://www.inhofe.senate.gov/rss/feeds/?type=all&amp;cachebuster=eea6c4d7%2d939c%2d5c1e%2db6c7aa3b8b291208,43262,,Republican,I000024,1934-11-17,5619,James,male,Male,300055,Inhofe,https://www.govtrack.us/congress/members/james_inhofe/300055,M.,Sen. James âJimâ Inhofe [R-OK],,Jim,N00005582,27027,"Inhofe, James âJimâ (Sen.) [R-OK]",InhofePress,jiminhofepressoffice,202-224-4721,senator,Senator,class2,Class 2,senior,Senior,2015-01-06,OK,Sen.,Senator,http://www.inhofe.senate.gov,
,114,115,116,true,Senior Senator from Kentucky,,2021-01-03,317 Russell Senate Office Building Washington DC 20510,http://www.mcconnell.senate.gov/public/index.cfm?p=ContactForm,202-224-2499,317 Russell Senate Office Building,http://www.mcconnell.senate.gov/public/?a=rss.feed,43263,Majority Leader,Republican,M000355,1942-02-20,2351,Mitch,male,Male,300072,McConnell,https://www.govtrack.us/congress/members/mitch_mcconnell/300072,,Sen. Mitch McConnell [R-KY],,,N00003389,53298,"McConnell, Mitch (Sen.) [R-KY]",McConnellPress,,202-224-2541,senator,Senator,class2,Class 2,senior,Senior,2015-01-06,KY,Sen.,Senator,http://www.mcconnell.senate.gov,
,114,115,116,true,Senior Senator from Rhode Island,,2021-01-03,728 Hart Senate Office Building Washington DC 20510,http://www.reed.senate.gov/contact/,202-224-4680,728 Hart Senate Office Building,https://www.reed.senate.gov//rss/feeds/?type=all,43264,,Democrat,R000122,1949-11-12,24239,John,male,Male,300081,Reed,https://www.govtrack.us/congress/members/john_reed/300081,F.,Sen. John âJackâ Reed [D-RI],,Jack,N00000362,27060,"Reed, John âJackâ (Sen.) [D-RI]",SenJackReed,SenatorReed,202-224-4642,senator,Senator,class2,Class 2,senior,Senior,2015-01-06,RI,Sen.,Senator,http://www.reed.senate.gov,
,114,115,116,true,Senior Senator from Kansas,,2021-01-03,109 Hart Senate Office Building Washington DC 20510,http://www.roberts.senate.gov/public/index.cfm?p=EmailPat,202-224-3514,109 Hart Senate Office Building,http://www.roberts.senate.gov/public/?a=rss.feed,43265,,Republican,R000307,1936-04-20,16354,Pat,male,Male,300083,Roberts,https://www.govtrack.us/congress/members/pat_roberts/300083,,Sen. Pat Roberts [R-KS],,,N00005285,26866,"Roberts, Pat (Sen.) [R-KS]",SenPatRoberts,SenPatRoberts,202-224-4774,senator,Senator,class2,Class 2,senior,Senior,2015-01-06,KS,Sen.,Senator,http://www.roberts.senate.gov,
,114,115,116,true,Junior Senator from Alabama,,2021-01-03,326 Russell Senate Office Building Washington DC 20510,http://www.sessions.senate.gov/public/index.cfm/contact-jeff,202-224-3149,326 Russell Senate Office Building,http://www.sessions.senate.gov/public/index.cfm?fuseaction=rss.feed,43266,,Republican,S001141,1946-12-24,44441,Jefferson,male,Male,300088,Sessions,https://www.govtrack.us/congress/members/jefferson_sessions/300088,B.,Sen. Jefferson âJeffâ Sessions [R-AL],,Jeff,N00003062,443,"Sessions, Jefferson âJeffâ (Sen.) [R-AL]",SenatorSessions,SenatorSessions,202-224-4124,senator,Senator,class2,Class 2,junior,Junior,2015-01-06,AL,Sen.,Senator,http://www.sessions.senate.gov,
,114,,,true,Representative for Alabama's 4th congressional district,4,2017-01-03,235 Cannon HOB; Washington DC 20515-0104,http://aderholt.house.gov/email-me2/,202-225-5587,235 Cannon House Office Building,http://aderholt.house.gov/common/rss//index.cfm?rss=20,43267,,Republican,A000055,1965-07-22,45516,Robert,male,Male,400004,Aderholt,https://www.govtrack.us/congress/members/robert_aderholt/400004,B.,Rep. Robert Aderholt [R-AL4],,,N00003028,441,"Aderholt, Robert (Rep.) [R-AL4]",Robert_Aderholt,RobertAderholt,202-225-4876,representative,Representative,,,,,2015-01-06,AL,Rep.,Representative,https://aderholt.house.gov,
,114,,,true,Representative for Texas's 6th congressional district,6,2017-01-03,2107 Rayburn HOB; Washington DC 20515-4306,https://joebarton.house.gov/contact1/,202-225-3052,2107 Rayburn House Office Building,http://joebarton.house.gov/index.php?format=feed&amp;type=rss,43268,,Republican,B000213,1949-09-15,5248,Joe,male,Male,400018,Barton,https://www.govtrack.us/congress/members/joe_barton/400018,Linus,Rep. Joe Barton [R-TX6],,,N00005656,27082,"Barton, Joe (Rep.) [R-TX6]",RepJoeBarton,repjoebarton,202-225-2002,representative,Representative,,,,,2015-01-06,TX,Rep.,Representative,http://joebarton.house.gov,
,114,,,true,Representative for California's 34th congressional district,34,2017-01-03,1226 Longworth HOB; Washington DC 20515-0534,http://becerraforms.house.gov/forms/writeyourrep/,202-225-2202,1226 Longworth House Office Building,http://becerra.house.gov/index.php?format=feed&amp;type=rss,43269,,Democrat,B000287,1958-01-26,26567,Xavier,male,Male,400021,Becerra,https://www.govtrack.us/congress/members/xavier_becerra/400021,,Rep. Xavier Becerra [D-CA34],,,N00009774,26754,"Becerra, Xavier (Rep.) [D-CA34]",RepBecerra,XavierBecerra,202-225-6235,representative,Representative,,,,,2015-01-06,CA,Rep.,Representative,http://becerra.house.gov,
,114,,,true,Representative for Utah's 1st congressional district,1,2017-01-03,123 Cannon HOB; Washington DC 20515-4401,https://robbishop.house.gov/contact/contactform.htm,202-225-5857,123 Cannon House Office Building,http://robbishop.house.gov/news/rss.aspx,43270,,Republican,B001250,1951-07-13,1003621,Rob,male,Male,400029,Bishop,https://www.govtrack.us/congress/members/rob_bishop/400029,,Rep. Rob Bishop [R-UT1],,,N00025292,50544,"Bishop, Rob (Rep.) [R-UT1]",RepRobBishop,CongressmanBishop,202-225-0453,representative,Representative,,,,,2015-01-06,UT,Rep.,Representative,http://robbishop.house.gov,
,114,,,true,Representative for Georgia's 2nd congressional district,2,2017-01-03,2407 Rayburn HOB; Washington DC 20515-1002,http://bishop.house.gov/contact,202-225-2203,2407 Rayburn House Office Building,http://bishop.house.gov/rss.xml,43271,,Democrat,B000490,1947-02-04,26194,Sanford,male,Male,400030,Bishop,https://www.govtrack.us/congress/members/sanford_bishop/400030,D.,Rep. Sanford Bishop [D-GA2],Jr.,,N00002674,26817,"Bishop, Sanford (Rep.) [D-GA2]",SanfordBishop,RepSanfordBishop,202-225-3631,representative,Representative,,,,,2015-01-06,GA,Rep.,Representative,http://bishop.house.gov,
,114,,,true,Representative for Tennessee's 7th congressional district,7,2017-01-03,2266 Rayburn HOB; Washington DC 20515-4207,https://blackburn.house.gov/contactform/email.htm,202-225-3004,2266 Rayburn House Office Building,http://blackburn.house.gov/news/rss.aspx,43272,,Republican,B001243,1952-06-06,31226,Marsha,female,Female,400032,Blackburn,https://www.govtrack.us/congress/members/marsha_blackburn/400032,W.,Rep. Marsha Blackburn [R-TN7],,,N00003105,25186,"Blackburn, Marsha (Rep.) [R-TN7]",MarshaBlackburn,RepMarshaBlackburn,202-225-2811,representative,Representative,,,,,2015-01-06,TN,Rep.,Representative,http://blackburn.house.gov,
,114,,,true,Representative for Oregon's 3rd congressional district,3,2017-01-03,1111 Longworth HOB; Washington DC 20515-3703,https://forms.house.gov/blumenauer/webforms/issue_subscribe.html,202-225-8941,1111 Longworth House Office Building,http://blumenauer.house.gov/index.php?format=feed&amp;type=rss,43273,,Democrat,B000574,1948-08-16,43809,Earl,male,Male,400033,Blumenauer,https://www.govtrack.us/congress/members/earl_blumenauer/400033,,Rep. Earl Blumenauer [D-OR3],,,N00007727,367,"Blumenauer, Earl (Rep.) [D-OR3]",BlumenauerMedia,RepBlumenauer,202-225-4811,representative,Representative,,,,,2015-01-06,OR,Rep.,Representative,http://blumenauer.house.gov,
,114,,,true,Delegate for Guam At Large,0,2017-01-03,2441 Rayburn HOB; Washington DC 20515-5301,https://bordallo.house.gov/contact-me,202-226-0341,2441 Rayburn House Office Building,http://bordallo.house.gov/rss.xml,43275,,Democrat,B001245,1933-05-31,1003568,Madeleine,female,Female,400041,Bordallo,https://www.govtrack.us/congress/members/madeleine_bordallo/400041,Z.,Rep. Madeleine Bordallo [D-GU0],,,N00024866,1751,"Bordallo, Madeleine (Rep.) [D-GU0]",,,202-225-1188,representative,Representative,,,,,2015-01-06,GU,Rep.,Delegate,http://bordallo.house.gov,
,114,,,true,Representative for Texas's 8th congressional district,8,2017-01-03,301 Cannon HOB; Washington DC 20515-4308,https://kevinbrady.house.gov/contact-form,202-225-5524,301 Cannon House Office Building,http://kevinbrady.house.gov/common/rss/index.cfm?rss=49,43276,,Republican,B000755,1955-04-11,45749,Kevin,male,Male,400046,Brady,https://www.govtrack.us/congress/members/kevin_brady/400046,P.,Rep. Kevin Brady [R-TX8],,,N00005883,361,"Brady, Kevin (Rep.) [R-TX8]",RepKevinBrady,KBrady8,202-225-4901,representative,Representative,,,,,2015-01-06,TX,Rep.,Representative,http://kevinbrady.house.gov,
,114,,,true,Representative for Pennsylvania's 1st congressional district,1,2017-01-03,102 Cannon HOB; Washington DC 20515-3801,https://brady.house.gov/contact-me/email-me,202-225-0088,102 Cannon House Office Building,http://brady.house.gov/rss.xml,43277,,Democrat,B001227,1945-04-07,55227,Robert,male,Male,400047,Brady,https://www.govtrack.us/congress/members/robert_brady/400047,Alan,Rep. Robert Brady [D-PA1],,,N00001619,2519,"Brady, Robert (Rep.) [D-PA1]",RepBrady,BradyPA01,202-225-4731,representative,Representative,,,,,2015-01-06,PA,Rep.,Representative,http://brady.house.gov,
,114,,,true,Representative for Florida's 5th congressional district,5,2017-01-03,2111 Rayburn HOB; Washington DC 20515-0905,https://forms.house.gov/corrinebrown/webforms/contact-me.shtml,202-225-2256,2111 Rayburn House Office Building,http://corrinebrown.house.gov/index.php?option=com_ninjarsssyndicator&amp;feed_id=1&amp;format=raw,43278,,Democrat,B000911,1946-11-11,26192,Corrine,female,Female,400048,Brown,https://www.govtrack.us/congress/members/corrine_brown/400048,,Rep. Corrine Brown [D-FL5],,,N00002713,26797,"Brown, Corrine (Rep.) [D-FL5]",RepCorrineBrown,CongresswomanBrown,202-225-0123,representative,Representative,,,,,2015-01-06,FL,Rep.,Representative,https://corrinebrown.house.gov,
,114,,,true,Representative for Texas's 26th congressional district,26,2017-01-03,2336 Rayburn HOB; Washington DC 20515-4326,http://burgess.house.gov/contact/356345.htm,202-225-2919,2336 Rayburn House Office Building,http://burgess.house.gov/news/rss.aspx,43279,,Republican,B001248,1950-12-23,1003620,Michael,male,Male,400052,Burgess,https://www.govtrack.us/congress/members/michael_burgess/400052,C.,Rep. Michael Burgess [R-TX26],,,N00025219,50120,"Burgess, Michael (Rep.) [R-TX26]",MichaelCBurgess,michaelcburgessmd,202-225-7772,representative,Representative,,,,,2015-01-06,TX,Rep.,Representative,http://burgess.house.gov,
,114,,,true,Representative for California's 42nd congressional district,42,2017-01-03,2205 Rayburn HOB; Washington DC 20515-0542,https://calvert.house.gov/contactform/,202-225-2004,2205 Rayburn House Office Building,http://calvert.house.gov/news/rss.aspx,43280,,Republican,C000059,1953-06-08,26709,Ken,male,Male,400057,Calvert,https://www.govtrack.us/congress/members/ken_calvert/400057,S.,Rep. Ken Calvert [R-CA42],,,N00007099,26777,"Calvert, Ken (Rep.) [R-CA42]",KenCalvert,RepKenCalvert,202-225-1986,representative,Representative,,,,,2015-01-06,CA,Rep.,Representative,http://calvert.house.gov,
,114,115,116,true,Junior Senator from West Virginia,,2021-01-03,172 Russell Senate Office Building Washington DC 20510,,,172 Russell Senate Office Building,,43281,,Republican,C001047,1953-11-26,83737,Shelley,female,Female,400061,Capito,https://www.govtrack.us/congress/members/shelley_capito/400061,Moore,Sen. Shelley Capito [R-WV],,,N00009771,11701,"Capito, Shelley (Sen.) [R-WV]",SenCapito,UCbiXdR4XQ3vD9Xp5lfR9QXw,202-224-6472,senator,Senator,class2,Class 2,junior,Junior,2015-01-06,WV,Sen.,Senator,http://www.capito.senate.gov,
,114,,,true,Representative for California's 24th congressional district,24,2017-01-03,2231 Rayburn HOB; Washington DC 20515-0524,https://capps.house.gov/contact-me/email-me,202-225-5632,2231 Rayburn House Office Building,http://capps.house.gov/rss.xml,43282,,Democrat,C001036,1938-01-10,54075,Lois,female,Female,400062,Capps,https://www.govtrack.us/congress/members/lois_capps/400062,,Rep. Lois Capps [D-CA24],,,N00007232,16886,"Capps, Lois (Rep.) [D-CA24]",RepLoisCapps,reploiscapps,202-225-3601,representative,Representative,,,,,2015-01-06,CA,Rep.,Representative,http://capps.house.gov,
,114,,,true,Representative for Massachusetts's 7th congressional district,7,2017-01-03,1414 Longworth HOB; Washington DC 20515-2107,http://www.house.gov/capuano/contact/email.shtml,202-225-9322,1414 Longworth House Office Building,,43283,,Democrat,C001037,1952-01-09,56760,Michael,male,Male,400063,Capuano,https://www.govtrack.us/congress/members/michael_capuano/400063,E.,Rep. Michael Capuano [D-MA7],,,N00000267,18883,"Capuano, Michael (Rep.) [D-MA7]",,RepMikeCapuano,202-225-5111,representative,Representative,,,,,2015-01-06,MA,Rep.,Representative,http://capuano.house.gov,
,114,,,true,Representative for Texas's 31st congressional district,31,2017-01-03,2110 Rayburn HOB; Washington DC 20515-4331,https://carter.house.gov/email-john2,202-225-5886,2110 Rayburn House Office Building,http://carter.house.gov/common/rss/?rss=40,43284,,Republican,C001051,1941-11-06,1004257,John,male,Male,400068,Carter,https://www.govtrack.us/congress/members/john_carter/400068,R.,Rep. John Carter [R-TX31],,,N00025095,49296,"Carter, John (Rep.) [R-TX31]",JudgeCarter,repjohncarter,202-225-3864,representative,Representative,,,,,2015-01-06,TX,Rep.,Representative,http://carter.house.gov,
,114,,,true,Representative for Ohio's 1st congressional district,1,2017-01-03,2371 Rayburn HOB; Washington DC 20515-3501,https://chabot.house.gov/forms/writeyourrep/?zip5=45202&zip4=3003,202-225-3012,2371 Rayburn House Office Building,http://chabot.house.gov/common/rss/index.cfm?rss=49,43285,,Republican,C000266,1953-01-22,36705,Steve,male,Male,400071,Chabot,https://www.govtrack.us/congress/members/steve_chabot/400071,J.,Rep. Steve Chabot [R-OH1],,,N00003689,21790,"Chabot, Steve (Rep.) [R-OH1]",RepSteveChabot,congressmanchabot,202-225-2216,representative,Representative,,,,,2015-01-06,OH,Rep.,Representative,http://chabot.house.gov,
,114,,,true,Representative for Missouri's 1st congressional district,1,2017-01-03,2428 Rayburn HOB; Washington DC 20515-2501,http://lacyclay.house.gov/contact-form/,202-226-3717,2428 Rayburn House Office Building,,43286,,Democrat,C001049,1956-07-27,88332,Wm.,male,Male,400074,Clay,https://www.govtrack.us/congress/members/lacy_clay/400074,Lacy,Rep. Lacy Clay [D-MO1],Jr.,,N00012460,8967,"Clay, Lacy (Rep.) [D-MO1]",,WilliamLacyClay,202-225-2406,representative,Representative,,,,,2015-01-06,MO,Rep.,Representative,http://lacyclay.house.gov,
,114,,,true,Representative for South Carolina's 6th congressional district,6,2017-01-03,242 Cannon HOB; Washington DC 20515-4006,https://clyburn.house.gov/contact-me/email-me,202-225-2313,242 Cannon House Office Building,http://clyburn.house.gov/rss.xml,43287,,Democrat,C000537,1940-07-21,21607,James,male,Male,400075,Clyburn,https://www.govtrack.us/congress/members/james_clyburn/400075,E.,Rep. James âJimâ Clyburn [D-SC6],,Jim,N00002408,27066,"Clyburn, James âJimâ (Rep.) [D-SC6]",Clyburn,repjamesclyburn,202-225-3315,representative,Representative,,,,,2015-01-06,SC,Rep.,Representative,http://clyburn.house.gov,
